fold,role,first_step,last_step,transactions,fraud_count,fraud_prevalence
1,Fit,1,180,895674,2046,0.002284313265764106
1,Threshold selection,181,216,330813,391,0.0011819366228050289
1,Forward evaluation,217,252,227817,416,0.0018260270304674365
2,Fit,1,240,1398317,2719,0.0019444804003670127
2,Threshold selection,241,276,216994,412,0.001898670009309013
2,Forward evaluation,277,312,303112,390,0.0012866531183193012
3,Fit,1,300,1780544,3401,0.0019100903993386291
3,Threshold selection,301,336,310403,366,0.001179112315280458
3,Forward evaluation,337,377,271385,436,0.0016065736868286751
