fold,model_kind,feature_set,fit_end,threshold_end,evaluation_end,transactions,fraud_count,fraud_prevalence,precision,recall,F1,AP,threshold,alerts,alert_rate,TP,FP,FN,TN
1,logistic,full,180,216,252,227817,416,0.0018260270304674365,1.0,0.9927884615384616,0.9963811821471653,0.9928123130309888,0.8533669527536849,413,0.0018128585663054117,413,0,3,227401
1,logistic,amount_and_type_only,180,216,252,227817,416,0.0018260270304674365,0.09278350515463918,0.06490384615384616,0.07637906647807638,0.04573795729605859,0.839610085004986,291,0.001277341023716404,27,264,389,227137
1,hgb,amount_and_type_only,180,216,252,227817,416,0.0018260270304674365,0.40437158469945356,0.1778846153846154,0.24707846410684475,0.1520890663329972,0.25045271658572466,183,0.0008032763138835118,74,109,342,227292
2,logistic,full,240,276,312,303112,390,0.0012866531183193012,1.0,0.9974358974358974,0.9987163029525032,0.9974419462010421,0.870165384521519,389,0.001283354007759508,389,0,1,302722
2,logistic,amount_and_type_only,240,276,312,303112,390,0.0012866531183193012,0.003817376698732631,0.0641025641025641,0.007205649228995532,0.003237347225854565,0.8490609965398667,6549,0.02160587505608488,25,6524,365,296198
2,hgb,amount_and_type_only,240,276,312,303112,390,0.0012866531183193012,0.8048780487804879,0.16923076923076924,0.2796610169491525,0.1777858875608288,0.07237001647467041,82,0.00027052706590303255,66,16,324,302706
3,logistic,full,300,336,377,271385,436,0.0016065736868286751,1.0,0.9977064220183486,0.9988518943742825,1.0,0.9067276942550772,435,0.0016028888847946644,435,0,1,270949
3,logistic,amount_and_type_only,300,336,377,271385,436,0.0016065736868286751,0.0056150720354636125,0.6972477064220184,0.011140428026971563,0.005276513691158244,0.4679179155589832,54140,0.19949518212134054,304,53836,132,217113
3,hgb,amount_and_type_only,300,336,377,271385,436,0.0016065736868286751,0.7608695652173914,0.16055045871559634,0.26515151515151514,0.17491120802100166,0.17289509670963815,92,0.0003390017871289865,70,22,366,270927
